fname	title	date	css	js	stat								
d53d2ac86335eb2a2e4990e4a2a0f3d7.svg	NULL	2021/7/4 21:54	0	0	initialized								
4ad517f4f122cc54ecea2ebf43f86b5c.svg	NULL	2021/7/6 10:58	0	0	initialized								
dd52998affcf8c0c2adfb109dd1f98ab.svg	NULL	2021/7/6 11:23	0	0	initialized								
38d97b9c6051fa339cebbd03a85d090b.svg	NULL	2021/7/6 22:15	0	0	initialized								
49d9fcf5dbe7ff26a636acb3c909de6c.svg	NULL	2021/7/6 22:16	0	0	initialized								
23fc756968091584ee67099e2abce6e9.svg	NULL	2021/7/8 21:58	0	0	initialized								
8f854167d9166e6a92a7c5297a932f41.svg	NULL	2021/7/13 19:28	0	0	initialized								
e7c7b4ee54740955c9075cd346a7c49b.svg	NULL	2021/7/13 21:52	0	0	initialized								
ace23bfa9cc2c74739849d7d0353a840.svg	NULL	2021/7/13 21:53	0	0	initialized								
													
													
													
													
													
													
													
													
													
													
													
													
													
													
													
													
													
													
													
													
													
													
													
													
													
													
													
													
													
													
													
													
													
													
													
													
													
													
													
													
													
													
													
													
													
													
													
													
													
													
													
													
													
													
													
													
													
													
													
													
													
													
													
													
													
													
													
													
													
													
													
													
													
													
													
													
													
													
													
													
													
													
													
													
													
													
													
													
													
													
													
													
													
													
													
													
													
													
													
													
													
													
													
													
													
													
													
													
													
													
													
													
													
													
													
													
													
													
													
													
													
													
													
													
													
													
													
													
													
													
													
													
													
													
													
													
													
													
													
													
													
													
													
													
													
													
													
													
													
													
													
													
													
													
													
													
													
													
													
													
													
													
													
													
													
													
													
													
													
													
													
													
													
													
													
													
													
													
													
													
													
													
													
													
													
													
